OwnerUserId	PostId	ParentId	PostTypeID
12279519	58575041		1
10985518	58534581		1
10985518	58533751		1
9760945	58468164		1
11119921	58431370		1
1650012	21585427		1
11055696	58131901		1
12096243	58032516		1
11588002	57870534		1
3755482	24339296		1
11890330	57571173		1
11919869	57469620		1
11890330	57409148		1
11857970	57273127		1
11482715	57046097		1
11492709	57006039		1
11164385	56725013		1
11425834	56678860		1
10511664	56560534		1
2951230	36049942		1
2921557	24252633		1
9562665	56341699		1
7243499	50092026		1
5582926	33926341		1
3450912	22588976		1
11521195	56201439		1
11228907	55969892		1
10272133	55947002		1
11330026	55820725		1
9163813	55625363		1
2719346	18490026		1
10849554	55363084		1
10416232	55209373		1
9249183	55166348		1
5189877	55164373		1
4124981	54989317		1
6668433	54922544		1
4783250	29625335		1
10122096	54810031		1
7870805	53627913		1
11029023	54576092		1
9352987	54587120		1
9727963	54578730		1
4519067	28822912		1
871021	12275529		1
10838489	53943161		1
10232440	53955503		1
10768445	53698912		1
10705797	53664564		1
10564185	53658412		1
10467901	53639653		1
10681647	53398672		1
10636494	53250910		1
10295999	53244034		1
2020855	52972130		1
9935434	52851500		1
1738522	18684800		1
10294560	52366512		1
9357307	52303837		1
9907850	51949734		1
9349544	51938501		1
2590203	22680344		1
9202753	51889489		1
8591145	51820269		1
5468958	44132378		1
9837954	51194248		1
9821783	51164334		1
6133915	50993893		1
9504712	50937345		1
9890922	50771214		1
8920468	50579265		1
9846616	50528862		1
9264350	50333105		1
9721207	50160034		1
9306264	50150574		1
9721207	50101190		1
5969116	50029975		1
9081010	49834493		1
5362772	49814176		1
3200593	21152100		1
4348186	37001193		1
6843138	49150568		1
7135968	49067913		1
4927379	36906272		1
5113770	34633852		1
7395925	48194551		1
4925134	48162927		1
8889739	48062130		1
8889739	48050733		1
9064664	48045639		1
5841432	48022568		1
9134553	47954891		1
6553529	47857046		1
3550594	47823177		1
1556433	19463651		1
8843163	47787881		1
7567946	47622439		1
8928460	47601079		1
7775832	47460895		1
4674946	47150371		1
8787137	46815910		1
5722387	34489377		1
8794210	46805026		1
4265043	46428932		1
8517975	46495645		1
4925134	46710082		1
4527185	46687069		1
7586105	46619379		1
863567	46504478		1
3023588	46594540		1
2650838	46419978		1
1322610	46401843		1
6037769	46290704		1
6247833	46171020		1
8427036	45971813		1
7636455	45881664		1
7827958	44647921		1
1818667	45836608		1
8130727	45710468		1
5684416	45669629		1
1496362	39208527		1
8137833	45447659		1
8137833	45417901		1
7892014	45420667		1
7810371	45389450		1
966652	26299387		1
7306823	45285411		1
7308301	45195617		1
5280696	44981133		1
3918907	44925137		1
7719687	44624235		1
7093302	44908401		1
5280696	44732364		1
5825784	34987398		1
4297979	44711007		1
2298933	44705231		1
2584772	44702444		1
5280696	44536762		1
5839900	44430612		1
6591021	44348432		1
8074079	44248352		1
7523069	44226768		1
6696445	43552702		1
6477562	44173714		1
1671245	12686331		1
7750768	44131362		1
7975525	44095877		1
7869211	43822204		1
7869211	43827311		1
5684416	43787297		1
3211705	33820979		1
3834562	43641582		1
1671245	43606766		1
5684416	43621958		1
7596515	43603165		1
5684416	43541902		1
2977617	25152047		1
7892250	43506457		1
1598452	43190714		1
5846646	35110550		1
5899276	43201237		1
7779939	43070771		1
7549404	42843625		1
766532	42950729		1
7722835	42877182		1
755495	42868352		1
7240726	42803166		1
7696527	42741648		1
7691721	42733527		1
6159172	42684679		1
6907708	42527471		1
6495712	42513598		1
6341939	42441370		1
7015437	42422554		1
1156149	42417151		1
7543865	42230855		1
7551699	42182660		1
6284379	41994126		1
7361509	41939804		1
7003950	41911689		1
6190168	41866606		1
7466896	41842735		1
7444501	41756278		1
7323439	41656160		1
7130429	41606849		1
6719577	41516268		1
2291289	41524345		1
4313162	41487004		1
4313162	41446665		1
5417537	41419127		1
5099342	41400618		1
7030439	41391349		1
7070298	41368792		1
2164816	41275658		1
5464634	33285203		1
7331191	41287001		1
7233206	41233902		1
3053139	29744608		1
7307446	41190533		1
7124180	41154257		1
2522501	41152039		1
6413579	37593354		1
7263917	41024785		1
7256815	41013850		1
7259748	41007545		1
7199944	40764617		1
5996009	39188434		1
7051635	40741929		1
7024620	40713615		1
2573766	26136782		1
6862833	40530132		1
7123101	40452616		1
7045838	40336317		1
5030271	40334274		1
7081189	40288790		1
5618326	40286700		1
398431	5225597		1
6240462	40246951		1
5241924	40122311		1
4801682	39922114		1
5417207	39952644		1
5598068	39930824		1
648927	7682247		1
6937235	39917867		1
6292444	39820674		1
3045838	39711162		1
5792491	36684941		1
6853147	39593178		1
2850808	39499883		1
3697102	39490490		1
6817866	39431484		1
6701496	39407529		1
1778367	39356521		1
1579965	39319941		1
4489154	39098020		1
6742540	39074159		1
6720737	39032139		1
6691884	39028733		1
5488652	38994292		1
6403702	38984525		1
6691884	38943313		1
6668089	38935894		1
4746677	38900626		1
2002849	38894705		1
1940587	38813648		1
6623517	38731674		1
6623517	38728601		1
6623517	38689871		1
3369592	38638347		1
3369592	38609717		1
1977250	38608227		1
6460008	38575689		1
1310840	38486635		1
5539694	38403662		1
5466895	38278382		1
5434700	38268393		1
2468409	38216056		1
1591731	34058453		1
2164667	38076671		1
4441889	38033793		1
3859693	25237286		1
6410893	37979488		1
1705390	36857539		1
3107550	37876624		1
6443744	37851402		1
892629	13404143		1
3628929	37740259		1
6343141	37713279		1
598602	36867712		1
6082288	37651014		1
5303201	37649291		1
1705390	37545057		1
4484584	37557711		1
5885826	37550899		1
2412395	37537506		1
6391455	37486476		1
5773776	37374411		1
4991682	37192147		1
3156633	37265463		1
2103918	37190742		1
3742823	36875872		1
3226580	21301646		1
5608668	36751207		1
4642366	36682940		1
5030005	36584763		1
5722010	36558462		1
1351605	36428952		1
363127	36420663		1
5375792	36336695		1
4775275	36321383		1
6133703	36304115		1
4348186	36213174		1
5681487	34286431		1
5208901	36258531		1
4171886	36158860		1
6092632	36126950		1
6081087	36078203		1
5111896	35813990		1
4930757	35789484		1
3435610	35751970		1
5457474	35728929		1
3098536	35271713		1
5887325	35238287		1
5839900	35171677		1
5730400	35145090		1
1344228	35085655		1
4993125	35071519		1
5844537	35027929		1
2694184	34827591		1
5143074	34854162		1
4348186	34763292		1
5566599	34565404		1
5462300	34584923		1
5636454	34356460		1
1630276	34432656		1
3138436	34387854		1
5572564	34337650		1
5281827	34318826		1
1899349	25689670		1
5453734	34274748		1
401393	34192285		1
5312436	34154694		1
4348186	34123143		1
5620678	34042787		1
5600434	33898166		1
5587809	33928557		1
3575686	33816789		1
1591731	33813283		1
4388034	33546094		1
4108618	33536746		1
5480123	33471104		1
4869326	33469653		1
1633767	13573730		1
5511366	33457573		1
5296751	33416897		1
3056733	33391473		1
5464634	33288600		1
3281028	33185874		1
4907142	33117991		1
4907142	33098231		1
3675276	33032266		1
3820773	26088145		1
5391828	32860132		1
2923907	32833644		1
3710722	32809319		1
3284379	25668179		1
4165140	32710578		1
5361875	32708949		1
4370606	32707339		1
4511872	32683415		1
5222895	32623938		1
4649374	32651596		1
4158413	32629377		1
5343904	32617895		1
4671920	32561769		1
3344734	32552250		1
3344734	32547881		1
5183498	32537101		1
4425885	32511485		1
1006504	32358821		1
4659026	32308285		1
4725638	32302668		1
3481325	23993853		1
3589165	30842681		1
5182821	32190899		1
3918282	32121006		1
4176317	30939596		1
2051815	32032791		1
1292042	32036249		1
5026801	31938729		1
4558489	31933430		1
5185857	31789306		1
4932091	31835133		1
4932091	31818618		1
2864000	31737261		1
2186292	31720415		1
4756524	31628161		1
975243	31616960		1
571319	10963908		1
4204296	31577923		1
5012381	31540357		1
1043706	31538299		1
2647510	31508089		1
1802154	31469830		1
4880992	31467891		1
5046618	31432298		1
5046618	31423727		1
5014891	31399488		1
2309498	31387989		1
849784	31384856		1
4738600	31213649		1
3501407	31106836		1
488172	30938345		1
4933310	31101753		1
1956566	31055084		1
1436998	31006798		1
1080247	30963472		1
3501407	30909320		1
2230302	30894540		1
4551218	30878295		1
3976647	30834597		1
4551218	30822147		1
1591731	30809853		1
4171252	30698988		1
4962123	30578367		1
2791111	30584041		1
4960121	30567234		1
1998217	26861990		1
4542333	30366783		1
2723851	30364113		1
2713944	30326637		1
4740633	30316652		1
3187715	30222643		1
4551218	30198913		1
4575240	30160370		1
2576882	30110205		1
4327360	30093086		1
3746601	30064422		1
896468	29863087		1
2793703	29748535		1
4411458	29594613		1
2984415	29366033		1
2846500	19183308		1
2409614	19890675		1
1617218	13401502		1
775879	28891655		1
3816343	28809331		1
4089264	28661435		1
4445852	28634916		1
4504337	28587067		1
4567745	28554248		1
1289302	28466340		1
3653123	28326737		1
1170507	28273321		1
4479547	28259586		1
4439563	28207103		1
2738166	28224122		1
3913821	28190200		1
4164450	28184514		1
4471418	28077271		1
1391499	28071640		1
3435371	28052506		1
1127639	28027302		1
2868798	27876855		1
2276404	27799915		1
1420080	27681410		1
2664811	27695502		1
4110311	27656535		1
4156135	27649487		1
4366830	27633390		1
4315001	27600469		1
3659093	27597836		1
3683784	27546645		1
3510597	27545689		1
4316277	27252801		1
4357950	27462960		1
3806679	27383827		1
4330769	27327016		1
1795439	27328577		1
4274852	27291190		1
4246994	27264393		1
4308974	27224004		1
4308974	27222233		1
1438421	27209943		1
3718854	26999700		1
4237771	26876376		1
3836476	26827143		1
3708721	26807286		1
3925279	26766927		1
2514978	26674805		1
4153611	26425268		1
3789387	26417489		1
2573297	26341922		1
3554309	26199712		1
3820773	26140252		1
3902783	26138871		1
3820773	26136402		1
4016374	26102430		1
1361666	26090467		1
3011082	26080227		1
2575769	25894982		1
4058637	25960561		1
2439442	25958180		1
3820773	25934581		1
2422363	25855893		1
3909926	25727770		1
3110926	25701095		1
3284379	25687948		1
4009167	25683248		1
3710243	25661348		1
379539	25565955		1
1990993	25528035		1
84885	25532888		1
3456807	25512034		1
3945213	25486809		1
1371060	25448383		1
3937397	25372960		1
2242464	25313267		1
2529653	25318642		1
2022705	25310062		1
3939733	25299472		1
3902500	25223488		1
2205553	25182696		1
2977617	25129955		1
2190870	24923065		1
3369558	24902828		1
196919	24872388		1
2086839	24864317		1
1098699	8534934		1
1535706	24709923		1
3129331	24550158		1
3799105	24539661		1
3198079	24487888		1
1180722	24308850		1
1936229	24304871		1
578388	7183448		1
3717390	24096586		1
1124494	23920254		1
1097977	23705803		1
1121315	23658309		1
2732875	23484818		1
2002412	23599028		1
2921557	23528203		1
1947848	23406832		1
3266368	23393503		1
3485237	23345536		1
3582106	23345868		1
3522121	23312906		1
501986	23208459		1
2141181	23257455		1
3467320	23220545		1
1242378	23082041		1
3059854	23003473		1
2721178	22889522		1
3337052	22749581		1
3467631	22730182		1
3314062	22727849		1
2619611	22665616		1
1172854	22646697		1
1973692	22610469		1
1989999	22555010		1
2297702	22469186		1
2778356	22327683		1
2909605	22432058		1
3423595	22426412		1
819916	22362167		1
1935283	22311069		1
1935283	22309619		1
3311433	21915563		1
2365753	22226997		1
3050164	22165988		1
2237712	22160077		1
2929046	21882991		1
3287751	21868305		1
735239	21819099		1
2741350	21805947		1
2565184	21648660		1
1994629	21457699		1
3278234	21595520		1
1644123	21447213		1
3242334	21419759		1
2682520	21397924		1
903790	21361883		1
597669	21246982		1
735239	21242910		1
3118731	21152305		1
1754467	21114745		1
2178555	21109815		1
1754467	21079276		1
2610750	20832490		1
3142660	20818847		1
1131823	20816843		1
1305676	20809867		1
2582291	20783921		1
1608900	20742392		1
735239	20737197		1
1117987	20657672		1
3071452	20477163		1
2292197	20435505		1
2445556	20411156		1
1853413	20331628		1
2885937	20310920		1
2500509	20238406		1
3029369	20182149		1
1901625	20136096		1
1763652	20018624		1
1216931	19974701		1
1216931	19954504		1
1342109	19947189		1
2907241	19806326		1
2948467	19757987		1
1556433	19465791		1
1556433	19424829		1
1055664	19387542		1
2833791	19110570		1
2829745	19085790		1
1915437	18952286		1
1642219	18930646		1
2802130	18933134		1
2681579	18913904		1
2571339	17856093		1
2438678	18813218		1
2765835	18725460		1
2441317	18510318		1
2598957	18386505		1
2571339	17841053		1
1756199	18127298		1
2606420	18081940		1
2103064	15842412		1
1900054	17733282		1
458790	17376648		1
2500985	17190727		1
1633767	17170950		1
617036	8856332		1
2437856	16980262		1
2221361	16886857		1
2020794	16810824		1
2350095	16692695		1
1052772	16291596		1
575161	16203464		1
1617218	15007242		1
2156338	15900489		1
1617218	16078108		1
824047	6542486		1
2191342	15532407		1
2167597	15430353		1
1617218	15009996		1
1368228	13370182		1
1963951	14242670		1
1338032	13778825		1
982959	13983931		1
1146094	13880156		1
674255	13675546		1
1692707	13480527		1
1633767	13365573		1
1617218	13363092		1
1633767	13349536		1
1617218	13228850		1
1208641	13177049		1
1633767	12892142		1
569322	9153975		1
1573389	12969880		1
1633767	12956151		1
1702365	12940518		1
1681247	12644828		1
975566	12337419		1
1250875	12203013		1
1452624	11744743		1
1261800	11694432		1
1261800	11642961		1
899188	11452159		1
1098699	9418472		1
1459593	11124609		1
1353905	11032328		1
1258417	10098688		1
810136	9699515		1
582295	9659343		1
1233274	9449895		1
1098699	9431272		1
1098699	9401110		1
1128618	8895294		1
1124803	8692550		1
1115709	8632248		1
1098699	8550945		1
1098699	8539391		1
1044386	8113551		1
954568	7901124		1
133212	7806493		1
179736	7789607		1
569322	7382197		1
578388	7296955		1
212591	2692137		1
179736	6559749		1
506399	6179021		1
343034	5884270		1
398431	5213974		1
398431	5212949		1
398431	5210753		1
199722	4638086		1
499430	4141258		1
458895	3799599		1
148814	3699555		1
73715	2743443		1
10273906	58576319	58575041	2
11483646	58575953	58575041	2
7435699	58534513	58533751	2
12265292	58534061	58533751	2
12225970	58432220	58431370	2
5922263	58133106	21585427	2
6309457	58132114	58131901	2
12096243	58035458	58032516	2
1586174	58033124	58032516	2
5784427	57871183	57870534	2
11922189	57870625	57870534	2
7461381	57871022	57870534	2
1353011	57870597	57870534	2
623150	57571286	57571173	2
2930661	57410143	57409148	2
2181514	57409274	57409148	2
713789	57274932	57273127	2
211627	57273362	57273127	2
5401022	57046231	57046097	2
11747697	57046154	57046097	2
5987450	57006447	57006039	2
4763083	56731675	56725013	2
6874213	56725714	56725013	2
965146	56679060	56678860	2
11657467	56679412	56678860	2
10679524	56678902	56678860	2
4354201	56578692	56560534	2
3791358	36133765	36049942	2
5659625	56414558	24252633	2
2297722	56348217	56341699	2
1163217	22589098	22588976	2
11455368	56202030	56201439	2
11484841	56201691	56201439	2
3080548	55970181	55969892	2
4653233	55947165	55947002	2
4722288	34481049	18490026	2
10849554	55363523	55363084	2
1931628	55209540	55209373	2
695364	55164506	55164373	2
3589092	54923442	54922544	2
5418414	54923326	54922544	2
3506426	54840749	29625335	2
9742450	54810535	54810031	2
10917129	54810332	54810031	2
11029023	54599497	54576092	2
11012355	54587219	54587120	2
189673	54587233	54587120	2
8664577	54075868	12275529	2
10808498	53955524	53955503	2
5220582	53956004	53955503	2
7948152	53955953	53955503	2
9810676	53955849	53955503	2
10221765	53955608	53955503	2
3307073	53943560	53943161	2
10768725	53699032	53698912	2
4698546	53699031	53698912	2
2991619	53665252	53664564	2
4684985	53665264	53664564	2
4617446	53665212	53664564	2
1338290	53664987	53664564	2
10753293	53664939	53664564	2
4769156	53400045	53398672	2
1254996	53244050	53244034	2
10540350	52972252	52972130	2
9249832	52852110	52851500	2
1262045	52852876	52851500	2
5456476	52851588	52851500	2
7237564	52851631	52851500	2
10374302	52366550	52366512	2
1100692	52366557	52366512	2
10292501	52304183	52303837	2
2834120	52304070	52303837	2
9907850	51973480	51949734	2
5771750	51938557	51938501	2
1061630	22681116	22680344	2
8483375	51889829	51889489	2
6462734	51889538	51889489	2
4852556	51820325	51820269	2
6639014	44132489	44132378	2
2224587	51194422	51194248	2
1376448	50993929	50993893	2
14104	50993924	50993893	2
66584	50937583	50937345	2
4037417	50771397	50771214	2
2042216	50771387	50771214	2
8920468	50580711	50579265	2
9305993	50529737	50528862	2
3710481	50333216	50333105	2
9783953	50333305	50333105	2
6692092	50160310	50160034	2
1977018	49834610	49834493	2
1503923	49815938	49814176	2
6715176	49604871	21152100	2
5497937	49151830	49150568	2
1957198	49151731	49150568	2
1957198	49151598	49150568	2
1957198	49150883	49150568	2
7135968	49070062	49067913	2
7373844	49068320	49067913	2
484082	34634636	34633852	2
8016771	48195652	48194551	2
3386807	48195580	48194551	2
8406887	48194716	48194551	2
4593057	48163161	48162927	2
3189029	48163279	48162927	2
157247	48062501	48062130	2
6576691	48050971	48050733	2
7509481	48045730	48045639	2
6857863	48022798	48022568	2
147618	47954957	47954891	2
2223027	47954941	47954891	2
4554116	47858576	47857046	2
3550594	47823939	47823177	2
6315168	47808412	19463651	2
7565679	47800250	47787881	2
8620333	47622515	47622439	2
8539899	47601288	47601079	2
3858806	47461474	47460895	2
2076049	47461314	47460895	2
2181397	47461250	47460895	2
7959252	47461110	47460895	2
1358340	47152505	47150371	2
7309314	45758310	19463651	2
4248328	44132483	44132378	2
1636522	19463675	19463651	2
2853243	28578690	18490026	2
1823740	37272052	36906272	2
1355315	36126980	36049942	2
2919731	36122368	36049942	2
2549021	36126008	36049942	2
66580	36122065	36049942	2
1763321	34634313	34633852	2
5469565	33932772	33926341	2
1316346	33926546	33926341	2
4931258	32152556	18490026	2
1213296	29625525	29625335	2
4786750	29625572	29625335	2
1175966	28823070	28822912	2
4151501	26414078	18490026	2
3954463	25373840	18490026	2
2948828	24376283	24339296	2
1400607	24339458	24339296	2
1121121	24339388	24339296	2
1386703	24252837	24252633	2
1887101	24252823	24252633	2
2392596	22681300	22680344	2
1654155	22681095	22680344	2
3451798	22589108	22588976	2
1092497	22589103	22588976	2
1668533	21585443	21585427	2
235710	21585445	21585427	2
2627011	21135348	18490026	2
907927	19463804	19463651	2
1262551	19463788	19463651	2
2758467	19463772	19463651	2
2806760	19463708	19463651	2
1427138	19463680	19463651	2
2256325	19463671	19463651	2
2725243	18685407	18684800	2
2756776	18684864	18684800	2
1856580	18684846	18684800	2
1165998	18490170	18490026	2
1409909	18490110	18490026	2
1338032	12277031	12275529	2
677099	12276615	12275529	2
484082	12276297	12275529	2
419449	12275748	12275529	2
6703925	46805079	46805026	2
4965216	46805153	46805026	2
8613838	46710342	46710082	2
2397327	46710173	46710082	2
2894798	46710225	46710082	2
14104	46687138	46687069	2
2613552	46687135	46687069	2
2310478	46619492	46619379	2
8290742	46619448	46619379	2
1072987	46616875	46504478	2
2813224	46594698	46594540	2
1680176	46594610	46594540	2
1891677	46517936	46419978	2
6210773	46507802	46419978	2
2154913	46430243	46428932	2
5947043	46429789	46428932	2
7086643	46429158	46428932	2
2743726	46420346	46419978	2
2542525	46420192	46419978	2
1322610	46402762	46401843	2
494344	46402560	46401843	2
6665534	46290819	46290704	2
7647695	46171158	46171020	2
2622892	45836735	45836608	2
7349445	45836665	45836608	2
519413	45836656	45836608	2
5947043	45710807	45710468	2
8155150	45710789	45710468	2
6691067	45710770	45710468	2
3580933	45710756	45710468	2
2707463	45670204	45669629	2
7033134	45447991	45447659	2
7892014	45425098	45420667	2
2542525	45418373	45417901	2
1093694	45418033	45417901	2
3759705	45389501	45389450	2
1200603	45300162	26299387	2
3874623	45285716	45285411	2
8327287	45197919	45195617	2
7047727	44925348	44925137	2
4515408	44925256	44925137	2
2845905	44925251	44925137	2
535480	44908906	44908401	2
2760340	44908538	44908401	2
7974050	44908525	44908401	2
3299714	44908452	44908401	2
1606327	44900697	44732364	2
2791540	44732598	44732364	2
5096653	44732386	44732364	2
8017898	44713407	34987398	2
459750	44711216	44711007	2
8196526	44706902	44705231	2
2560539	44705419	44705231	2
5111870	44705315	44705231	2
1353011	44703558	44702444	2
8174765	44702788	44702444	2
6390681	44649017	44647921	2
7178055	44624534	44624235	2
5280696	44554689	44536762	2
2202018	44537997	44536762	2
6581121	44537233	44536762	2
3370341	44430867	44430612	2
3553434	44430750	44430612	2
6551577	44348854	44348432	2
5745006	44348463	44348432	2
8066947	44348626	44348432	2
995579	44248391	44248352	2
7523069	44238268	44226768	2
4684797	44209108	43552702	2
912287	44174003	44173714	2
2401021	44174063	44173714	2
1727349	12838417	12686331	2
1221792	44131515	44131362	2
4934818	44095971	44095877	2
2159528	43828072	43827311	2
7869211	43825355	43822204	2
7964232	43787471	43787297	2
4633197	43641614	43641582	2
7596515	43611103	43606766	2
6287472	43622418	43621958	2
5201332	43604400	43603165	2
5201332	43603860	43603165	2
7210350	43542337	43541902	2
4308444	43542053	43541902	2
1467988	25152793	25152047	2
7851144	43498688	43190714	2
3956196	43201888	43201237	2
7482307	43201416	43201237	2
2827823	43071047	43070771	2
2261073	43040198	42843625	2
4831179	42952872	42950729	2
7722835	42878806	42877182	2
2813058	42868705	42868352	2
3904139	42868629	42868352	2
3230030	42733730	42733527	2
2696872	42684821	42684679	2
14104	42684742	42684679	2
1059101	42527523	42527471	2
6495712	42514346	42513598	2
5937428	42441809	42441370	2
7564556	42423333	42422554	2
4453011	42417269	42417151	2
6099327	42417410	42417151	2
2114953	42231459	42230855	2
5241464	42182846	42182660	2
995800	42182698	42182660	2
7458659	42182725	42182660	2
1704261	41940271	41939804	2
3281014	41940268	41939804	2
4281779	41940052	41939804	2
7003950	41912331	41911689	2
1726726	41866657	41866606	2
1589669	41842843	41842735	2
4678674	41842925	41842735	2
1308493	41818601	41756278	2
2477327	41757926	41756278	2
7428674	41756379	41756278	2
7247090	41756378	41756278	2
6424295	41656250	41656160	2
1240115	41606935	41606849	2
157247	41606893	41606849	2
6703925	41524564	41524345	2
1123505	41516382	41516268	2
2145980	41487829	41487004	2
2304560	41487667	41487004	2
14104	41446786	41446665	2
7353829	41419332	41419127	2
1964418	41400825	41400618	2
4543733	41401071	41400618	2
1475321	41400751	41400618	2
5771750	41392058	41391349	2
1905242	41370631	41368792	2
7331191	41287731	41287001	2
1169844	41276674	41275658	2
2801559	41234002	41233902	2
4518782	29744682	29744608	2
7249060	41191176	41190533	2
4281779	41190774	41190533	2
1181689	41154333	41154257	2
3664191	41154367	41154257	2
4954874	41154763	41154257	2
1573683	39208696	39208527	2
280143	39208681	39208527	2
14104	39208665	39208527	2
2319995	39208621	39208527	2
5826834	35110579	35110550	2
3384658	35110574	35110550	2
463319	34999283	34987398	2
5707436	34989310	34987398	2
5188585	33821094	33820979	2
1059101	34489878	34489377	2
2879463	29744725	29744608	2
2851301	33821091	33820979	2
1416980	33285321	33285203	2
3783478	33285397	33285203	2
3364250	33285363	33285203	2
2674662	29745029	29744608	2
4463189	27993739	12686331	2
82333	26299567	26299387	2
1875256	26299750	26299387	2
2600965	26299626	26299387	2
1550641	26299617	26299387	2
1765364	25152247	25152047	2
1737366	12835037	12686331	2
1584286	12686351	12686331	2
1164704	12893468	12686331	2
1532004	12886193	12686331	2
707356	12879681	12686331	2
1743729	12876270	12686331	2
1455713	12852927	12686331	2
2291	12831221	12686331	2
788652	12772798	12686331	2
1280410	12686369	12686331	2
1274678	12686355	12686331	2
492857	41070007	37593354	2
1341763	41014346	41013850	2
7246159	41007768	41007545	2
3981715	41007744	41007545	2
231125	40766280	39188434	2
3189239	40765353	40764617	2
5412489	40764887	40764617	2
6794233	40713713	40713615	2
2523444	40713706	40713615	2
4050023	26136867	26136782	2
2181514	40530389	40530132	2
2026606	40530219	40530132	2
2837822	40338727	40336317	2
7049284	40289443	40288790	2
6215504	40287413	40286700	2
402706	5225624	5225597	2
1620427	40247151	40246951	2
6831341	40122369	40122311	2
4166367	39922610	39922114	2
6608101	39952670	39952644	2
944171	39952678	39952644	2
6792629	39930985	39930824	2
6939901	39930893	39930824	2
4202224	39922723	39922114	2
4314475	39917961	39917867	2
916274	39917946	39917867	2
1346234	39917945	39917867	2
828624	39820745	39820674	2
3116349	39712436	39711162	2
804867	39727680	39711162	2
1813064	39712707	39711162	2
1501384	39711376	39711162	2
2687790	39593358	39593178	2
3414467	39593312	39593178	2
5402638	39499982	39499883	2
4305494	39499951	39499883	2
713797	39499943	39499883	2
1172363	39499929	39499883	2
3800824	39490570	39490490	2
784597	39490759	39490490	2
1323504	39490743	39490490	2
4758719	39431553	39431484	2
2882437	39407660	39407529	2
6614093	39356869	39356521	2
2061989	39356573	39356521	2
6018365	39033952	39032139	2
4560343	39032386	39032139	2
1087910	39029001	39028733	2
1280410	38943333	38943313	2
6029775	38935952	38935894	2
2788872	38935967	38935894	2
2968762	38935959	38935894	2
2468531	38935953	38935894	2
5893085	38935935	38935894	2
6680082	38900924	38900626	2
2002849	38895971	38894705	2
4095141	38894819	38894705	2
1789356	38731733	38731674	2
1608016	38731818	38731674	2
2098917	38731754	38731674	2
6635869	38731747	38731674	2
965051	38728815	38728601	2
3669624	38706885	38689871	2
592887	38639003	38638347	2
2667686	38638827	38638347	2
6498658	38609888	38609717	2
3595813	38609751	38608227	2
5384679	38609547	38608227	2
1645830	38608389	38608227	2
1551411	38486899	38486635	2
5454390	38403822	38403662	2
4269732	38403981	38403662	2
6460212	38403760	38403662	2
5466895	38278652	38278382	2
4101958	38278434	38278382	2
6435401	38268604	38268393	2
1906356	38216274	38216056	2
1175966	38216143	38216056	2
6120663	38216151	38216056	2
770704	38133460	34058453	2
103753	38076894	38076671	2
4441889	38045070	38033793	2
6400216	38016129	25237286	2
6422771	37979632	37979488	2
4541536	37979779	37979488	2
6479150	37880945	36857539	2
1676023	37878280	37876624	2
5597729	37877036	37876624	2
3995261	37851475	37851402	2
5623916	37851518	37851402	2
4193654	37740617	37740259	2
533941	37713427	37713279	2
6426558	37649411	37649291	2
6306772	37590193	37545057	2
2930477	37559281	37557711	2
3110920	37558097	37557711	2
6069452	37557969	37557711	2
6402790	37557752	37557711	2
2902367	37551585	37550899	2
1705390	37546103	37545057	2
3273838	37545138	37545057	2
456135	37545393	37545057	2
18709	37545391	37545057	2
5699680	37545111	37545057	2
1079221	37545094	37545057	2
1562258	37537644	37537506	2
6399906	37537781	37537506	2
5503275	37537766	37537506	2
456135	37537760	37537506	2
2781816	37537757	37537506	2
5378536	37486858	37486476	2
2113612	37486870	37486476	2
5824370	37486677	37486476	2
2037165	37374697	37374411	2
6315719	37375282	37374411	2
4991682	37304949	37192147	2
3380291	37190908	37190742	2
1491895	36876154	36875872	2
3633742	36868350	36867712	2
2801559	36868810	36867712	2
6165639	36858028	36857539	2
6247669	36857955	36857539	2
3632832	36857928	36857539	2
6249483	36857670	36857539	2
3928628	36857647	36857539	2
3822374	36751545	36751207	2
2276880	36689451	36684941	2
5867572	36685075	36684941	2
3894163	36683423	36682940	2
903014	36576697	36558462	2
1351605	36434656	36428952	2
621119	36429245	36428952	2
3484498	36420902	36420663	2
2592042	36420839	36420663	2
5530965	36337332	36336695	2
4775275	36321773	36321383	2
1893784	36304214	36304115	2
3493274	36213211	36213174	2
98493	36281907	34286431	2
114251	36258604	36258531	2
6110836	36213274	36213174	2
1079221	36213203	36213174	2
1953767	36213224	36213174	2
5957217	36213223	36213174	2
3298029	36159187	36158860	2
6092632	36128622	36126950	2
6092632	36128232	36126950	2
6070679	36081174	36078203	2
2922854	36079977	36078203	2
5998069	36079225	36078203	2
6015428	36078812	36078203	2
4762957	35814383	35813990	2
1032750	35791941	35789484	2
400654	35755540	35751970	2
3950058	32100358	13404143	2
2573766	26140174	26136782	2
836484	25237779	25237286	2
3200850	25238873	25237286	2
3928517	25237598	25237286	2
1719752	21301696	21301646	2
485406	13404467	13404143	2
507674	13404220	13404143	2
149636	13404205	13404143	2
1689451	12949363	5225597	2
665261	7682298	7682247	2
364412	7682297	7682247	2
398701	7682301	7682247	2
127769	5225641	5225597	2
572680	5225629	5225597	2
4928642	35272031	35271713	2
5742681	35271834	35271713	2
4301805	35239932	35238287	2
4157473	35239526	35238287	2
2551623	35145171	35145090	2
40521	35145125	35145090	2
2379919	35145120	35145090	2
5058218	35085720	35085655	2
4987197	35071667	35071519	2
2773837	35071653	35071519	2
459750	35028169	35027929	2
3185459	34827989	34827591	2
4348186	34766315	34763292	2
3305976	34763567	34763292	2
2633591	34763555	34763292	2
5152732	34565458	34565404	2
1447509	34585208	34584923	2
2738863	34585033	34584923	2
157247	34565435	34565404	2
4880322	34565486	34565404	2
1346234	34440104	34356460	2
2065704	34432757	34432656	2
5645769	34387883	34387854	2
2479962	34337880	34337650	2
463319	34322767	34318826	2
2144140	34319394	34318826	2
19068	34274952	34274748	2
5640086	34192489	34192285	2
650060	34156353	34154694	2
5055063	34123280	34123143	2
5630456	34044911	34042787	2
2560687	33928748	33928557	2
4119808	33900822	33898166	2
4388034	33552626	33546094	2
4328192	33537210	33536746	2
5488258	33471970	33469653	2
5125846	33471420	33471104	2
1799206	33471261	33471104	2
5469248	33470038	33469653	2
4222048	33459585	33457573	2
5397708	33457634	33457573	2
5503458	33417349	33416897	2
218828	33391553	33391473	2
600486	33288873	33288600	2
3358027	33288711	33288600	2
4264463	33288794	33288600	2
3352359	33288736	33288600	2
3281028	33186727	33185874	2
1427878	33186392	33185874	2
3645827	33118265	33117991	2
2460760	33098676	33098231	2
484082	33033673	33032266	2
1359623	33032647	33032266	2
318938	32991947	26088145	2
694736	32860222	32860132	2
844726	32833723	32833644	2
5334486	32833777	32833644	2
1175966	32809409	32809319	2
2491049	32809351	32809319	2
4362001	32809401	32809319	2
2801559	32711264	32710578	2
1059101	32710924	32710578	2
1407478	32710632	32710578	2
816620	32709103	32708949	2
1548301	32707348	32707339	2
3190403	32683538	32683415	2
5222895	32653262	32623938	2
2660683	32651636	32651596	2
3510872	32631276	32629377	2
5202722	32618786	32617895	2
4993460	32562231	32561769	2
3518319	32562170	32561769	2
3527537	32563225	32561769	2
462627	32552268	32552250	2
4874271	32552274	32552250	2
4180481	32547927	32547881	2
2200659	32547925	32547881	2
3756458	32537272	32537101	2
4136873	32537236	32537101	2
5243260	32511648	32511485	2
5201592	32358980	32358821	2
1938988	32358883	32358821	2
3353357	32313087	32308285	2
5117170	32303223	32302668	2
348589	32289729	23993853	2
3922248	32265656	30842681	2
3072566	32191171	32190899	2
5185185	32121254	32121006	2
3034932	32121073	32121006	2
4381265	32036352	32036249	2
2263631	32036275	32036249	2
1850787	32034464	32032791	2
5204792	32032979	32032791	2
3714122	31939299	31938729	2
2511404	31939099	31938729	2
5019360	31938814	31938729	2
4046233	31938918	31938729	2
3804177	31933562	31933430	2
983476	31933480	31933430	2
1394728	31819316	31818618	2
2639659	31790396	31789306	2
693614	31789707	31789306	2
519413	31720541	31720415	2
1276136	31628428	31628161	2
5140776	31617154	31616960	2
3474494	31577951	31577923	2
1069055	31540645	31540357	2
1693951	31538473	31538299	2
1250860	31470732	31469830	2
4699406	31471168	31469830	2
114251	31467916	31467891	2
1250185	31432867	31432298	2
1125167	31423893	31423727	2
4803688	31402161	31399488	2
1445256	31399829	31399488	2
4598470	31393682	31387989	2
14104	31385011	31384856	2
1179077	31213845	31213649	2
4884116	31213822	31213649	2
3691686	31213707	31213649	2
2294907	31109539	31106836	2
4929433	31114558	30938345	2
1936710	31109483	31106836	2
1120530	31108479	31106836	2
572827	31102075	31101753	2
825094	31102040	31101753	2
2558622	31055241	31055084	2
1568684	31007088	31006798	2
2399035	30965906	30963472	2
4407926	30963687	30963472	2
4825637	30938504	30938345	2
2581152	30910678	30909320	2
4416871	30909502	30909320	2
575820	30894840	30894540	2
1511043	30878736	30878295	2
3344111	30878562	30878295	2
1048455	30842901	30842681	2
1466614	25668306	25668179	2
128165	23993912	23993853	2
367949	10990737	10963908	2
542369	14221177	13573730	2
1359931	13575047	13573730	2
1750604	13573977	13573730	2
558021	10963944	10963908	2
1443630	10964040	10963908	2
2549581	30822314	30822147	2
4156037	30822296	30822147	2
3900153	30809968	30809853	2
2690982	30699612	30698988	2
330092	30584085	30584041	2
330092	30567316	30567234	2
1521021	30366986	30366783	2
1086344	30366867	30366783	2
2025923	30366803	30366783	2
3474494	30364278	30364113	2
14104	30364212	30364113	2
4715098	30364209	30364113	2
4797356	30327043	30326637	2
2213106	30223149	30222643	2
4171295	30223158	30222643	2
3088826	30199320	30198913	2
3053838	30161046	30160370	2
1908331	30160802	30160370	2
3037257	30160394	30160370	2
1974829	30110248	30110205	2
2903436	30110281	30110205	2
3747872	30093415	30093086	2
693275	30093627	30093086	2
4406499	30064522	30064422	2
3159055	30064455	30064422	2
1586174	29863279	29863087	2
4800248	29748838	29748535	2
4772988	29748921	29748535	2
4791309	29748874	29748535	2
4794071	29748728	29748535	2
1568152	29748721	29748535	2
4702470	29748619	29748535	2
4536543	29594752	29594613	2
3514523	29594830	29594613	2
4700922	29594786	29594613	2
3744244	29366611	29366033	2
3928045	29366597	29366033	2
1692028	29101313	19890675	2
1175966	28892040	28891655	2
114251	28891855	28891655	2
604687	28809530	28809331	2
1825074	28661465	28661435	2
1496715	28661457	28661435	2
1420197	28587140	28587067	2
4481132	28555813	28554248	2
1399296	28555204	28554248	2
4003249	28471902	28466340	2
2425365	28466636	28466340	2
2065597	28326837	28326737	2
4459818	28275876	28273321	2
4132915	28274012	28273321	2
2986768	28273732	28273321	2
409473	28259616	28259586	2
4439563	28230666	28207103	2
2576539	28224305	28224122	2
2645538	28190478	28190200	2
2503403	28184541	28184514	2
113601	28077494	28077271	2
358418	28071781	28071640	2
2932725	28077552	28077271	2
1011527	28052575	28052506	2
229324	27877000	27876855	2
4073753	27876989	27876855	2
524179	27876951	27876855	2
3763554	27800066	27799915	2
4028085	27799981	27799915	2
2700880	27799957	27799915	2
1420080	27704126	27681410	2
3984780	27695832	27695502	2
3013669	27695776	27695502	2
3045251	27695567	27695502	2
1188938	27691469	27681410	2
4209746	27656631	27656535	2
4302471	27656629	27656535	2
4110311	27649574	27649487	2
3933561	27638962	27633390	2
2224996	27635080	27633390	2
4315001	27612944	27600469	2
2118422	27598034	27597836	2
4197172	27598119	27597836	2
1276697	27598053	27597836	2
1277945	27549735	27546645	2
1939443	27547530	27546645	2
4224052	27463006	27462960	2
2054977	27383932	27383827	2
4330769	27339807	27327016	2
3512094	27328688	27328577	2
994737	27328665	27328577	2
2743530	27291231	27291190	2
3852595	27291237	27291190	2
2555887	27264842	27264393	2
1597706	27264585	27264393	2
4300360	27264448	27264393	2
1483981	27253645	27252801	2
695616	27253005	27252801	2
157247	27224075	27224004	2
1007453	27224173	27224004	2
1468435	27222714	27222233	2
2490157	27222493	27222233	2
4217551	27210004	27209943	2
3149020	27209987	27209943	2
1774846	27000037	26999700	2
4266609	26999990	26999700	2
3939551	26876464	26876376	2
1290373	26862043	26861990	2
201078	26862127	26861990	2
1998217	26862353	26861990	2
2500621	26862028	26861990	2
3150426	26827210	26827143	2
289625	26807374	26807286	2
1490931	26766947	26766927	2
459603	26766963	26766927	2
2291632	26674933	26674805	2
3549636	26427387	26425268	2
4125802	26425433	26425268	2
1491895	26417719	26417489	2
1448229	26417522	26417489	2
3037257	26342092	26341922	2
4106404	26203830	26199712	2
1001831	26199844	26199712	2
3982127	26141500	26140252	2
3180551	26140611	26140252	2
2778929	26140591	26140252	2
4006919	26136474	26136402	2
2605327	26091061	26090467	2
1564931	26080324	26080227	2
1175966	26080302	26080227	2
2778527	26032779	25894982	2
4036091	26027678	25894982	2
2460760	26026524	25894982	2
4059974	25960650	25960561	2
2065597	25960609	25960561	2
3959101	25958318	25958180	2
3715564	25958252	25958180	2
2012407	25958387	25958180	2
949476	25958268	25958180	2
2696626	25934659	25934581	2
3963756	25934633	25934581	2
2333214	25934688	25934581	2
1245450	25934709	25934581	2
2912444	25855986	25855893	2
901048	25688027	25687948	2
3982777	25683813	25683248	2
2749385	25683359	25683248	2
3867290	25683353	25683248	2
3214713	25661770	25661348	2
383814	25662401	25661348	2
1727252	25661446	25661348	2
881388	25661471	25661348	2
2245570	25566361	25565955	2
3986807	25566500	25565955	2
1990993	25556951	25528035	2
2537048	25533259	25532888	2
368772	25533227	25532888	2
1817690	25528149	25528035	2
28376	25512163	25512034	2
1305911	25486909	25486809	2
1777091	25448408	25448383	2
13913	25373081	25372960	2
607407	25373155	25372960	2
3455681	25373074	25372960	2
83605	25373058	25372960	2
3802813	25314982	25313267	2
2369752	25318805	25318642	2
3941531	25310255	25310062	2
333236	19188237	19183308	2
2256325	19183331	19183308	2
2491420	19183513	19183308	2
887539	13401717	13401502	2
576732	25223596	25223488	2
3371119	25223576	25223488	2
1175966	25183528	25182696	2
2145336	25183366	25182696	2
2205553	25183327	25182696	2
2528857	25130412	25129955	2
2190870	24934045	24923065	2
3136246	24903440	24902828	2
3430879	24903075	24902828	2
2695121	24903054	24902828	2
1285027	24902850	24902828	2
965051	24872408	24872388	2
649504	24864428	24864317	2
603577	24721532	24709923	2
1858603	24539995	24539661	2
1196076	24539783	24539661	2
3198079	24506216	24487888	2
1453522	24488184	24487888	2
1282674	24308920	24308850	2
2324107	24308915	24308850	2
995579	24305170	24304871	2
2890919	24304922	24304871	2
3198767	24117573	7183448	2
3288831	24096667	24096586	2
3549636	24097142	24096586	2
941272	23921002	23920254	2
1172576	23920500	23920254	2
1491895	23705995	23705803	2
1061463	23658396	23658309	2
1457890	23649933	23484818	2
2926271	23599958	23599028	2
265736	23533755	23528203	2
2563081	23406974	23406832	2
350858	23406869	23406832	2
961478	23394381	23393503	2
2245090	23393771	23393503	2
995579	23393559	23393503	2
3085310	23393526	23393503	2
1734033	23346234	23345536	2
1023618	23345905	23345868	2
616443	23345902	23345868	2
3085310	23345889	23345868	2
1831454	23345853	23345536	2
2963652	23345682	23345536	2
3229356	23313169	23312906	2
501986	23313063	23208459	2
591097	23258030	23257455	2
1817690	23220725	23220545	2
2907255	23219155	23208459	2
726621	23209140	23208459	2
2911482	23082128	23082041	2
3478010	22889743	22889522	2
2966846	22749941	22749581	2
3467631	22733733	22730182	2
2594995	22732043	22730182	2
3400830	22727891	22727849	2
3095977	22666702	22665616	2
2849629	22666346	22665616	2
2184055	22646798	22646697	2
1817690	22610583	22610469	2
661140	22555215	22555010	2
625144	22469538	22469186	2
3068160	22432387	22327683	2
114251	22432082	22432058	2
991314	22426634	22426412	2
3412442	22362835	22362167	2
2616623	22362919	22362167	2
2728287	22362719	22362167	2
2812842	22310097	22309619	2
2204722	22227338	22226997	2
3384518	22227188	22226997	2
3050164	22199019	22165988	2
1850255	22189914	22160077	2
3311433	21917494	21915563	2
2921632	21916086	21915563	2
1250301	21883482	21882991	2
986618	21883419	21882991	2
1680941	21883509	21882991	2
706488	21870415	21868305	2
816620	21819185	21819099	2
1198509	21819160	21819099	2
2310289	21819144	21819099	2
1209018	21805975	21805947	2
3237668	21648700	21648660	2
3037257	21595615	21595520	2
3085310	21595549	21595520	2
1994629	21522197	21457699	2
3232670	21457787	21457699	2
60	21447453	21447213	2
1095101	21420236	21419759	2
853295	21420762	21419759	2
853295	21420224	21419759	2
2009336	21419816	21419759	2
914763	21419810	21419759	2
1514572	21399044	21397924	2
3232523	21362445	21361883	2
3188129	21361957	21361883	2
984830	21247072	21246982	2
2561217	21245575	21242910	2
1961198	21153055	21152305	2
1153457	21109987	21109815	2
1754467	21079370	21079276	2
114251	20832519	20832490	2
2662807	20824138	20818847	2
1880191	20820311	20818847	2
182668	20816916	20816843	2
1305676	20810633	20809867	2
584262	20784817	20783921	2
1967127	20784238	20783921	2
1817690	20742523	20742392	2
490560	20742617	20742392	2
251986	20737518	20737197	2
538828	20658718	20657672	2
796017	20658448	20657672	2
2464607	20657986	20657672	2
1961198	20437972	20435505	2
2445556	20431248	20411156	2
826290	20411717	20411156	2
1108334	20331727	20331628	2
2975123	20312815	20310920	2
1521518	20238564	20238406	2
615754	20238509	20238406	2
3030058	20238508	20238406	2
1961198	20184163	20182149	2
1713625	20018771	20018624	2
1712905	19975013	19974701	2
2976175	19974990	19974701	2
34088	19954729	19954504	2
1721198	19947416	19947189	2
2907241	19810429	19806326	2
1903142	19809058	19806326	2
1627204	19807601	19806326	2
2364363	19758035	19757987	2
1556433	19467457	19465791	2
1443866	19465846	19465791	2
2587132	19425431	19424829	2
1298762	19424861	19424829	2
1873787	19110623	19110570	2
1634945	19085907	19085790	2
2095114	18955005	18952286	2
1915437	18956487	18952286	2
1642219	18938435	18930646	2
1285871	18933192	18933134	2
2801724	18930837	18930646	2
2773318	18930761	18930646	2
2700307	18914376	18913904	2
814025	18914492	18913904	2
1499781	8535025	8534934	2
569872	8535013	8534934	2
183181	7183526	7183448	2
818182	7183479	7183448	2
129195	7183483	7183448	2
639679	18725907	18725460	2
1825286	18725853	18725460	2
2686243	18386872	18386505	2
2146515	18127340	18127298	2
2157321	18127337	18127298	2
552438	18082249	18081940	2
1762944	18053320	15842412	2
2608956	17841499	17841053	2
2266713	17733431	17733282	2
1806171	17733394	17733282	2
2595268	17733393	17733282	2
919897	17376680	17376648	2
336423	17376666	17376648	2
782676	17191384	17190727	2
118703	17190859	17190727	2
499773	17171077	17170950	2
1060276	16981672	16980262	2
846480	16980465	16980262	2
652876	16918675	16886857	2
2372284	16918000	16886857	2
1059101	16811226	16810824	2
1031766	16811016	16810824	2
499773	16692868	16692695	2
1317927	16291618	16291596	2
2063610	16213798	16203464	2
2102830	16204732	16203464	2
128165	16203511	16203464	2
2296997	16201833	15842412	2
1238887	16078222	16078108	2
2121199	15903344	15900489	2
2123290	15900603	15900489	2
937892	15900525	15900489	2
1506793	15533255	15532407	2
7426	15532767	15532407	2
1059101	15532631	15532407	2
995258	15511162	15430353	2
959385	15010427	15009996	2
1231469	15010387	15009996	2
234834	15008378	15007242	2
766570	15007823	15007242	2
1933563	14679514	13370182	2
1963951	14259316	14242670	2
1635726	13984371	13983931	2
1146094	13880953	13880156	2
753705	13780640	13778825	2
1887927	13778969	13778825	2
263525	13778839	13778825	2
1790562	13677543	13675546	2
1864743	13675591	13675546	2
165839	13675578	13675546	2
836214	13480665	13480527	2
1405492	13480640	13480527	2
1600854	13480596	13480527	2
12579	13370234	13370182	2
861940	13366087	13365573	2
1059101	13366206	13365573	2
896471	13363518	13363092	2
1774339	13363180	13363092	2
887539	13363168	13363092	2
561731	13363153	13363092	2
1385672	13349682	13349536	2
941272	13349638	13349536	2
1722529	13229214	13228850	2
741936	13229153	13228850	2
1044026	13229104	13228850	2
861940	13177150	13177049	2
757271	13177223	13177049	2
1389301	13177220	13177049	2
1305989	13177106	13177049	2
210578	13177103	13177049	2
1454478	11021175	9153975	2
1387830	12970148	12969880	2
1331272	12970128	12969880	2
1414562	12970176	12969880	2
537031	12956220	12956151	2
263525	12940564	12940518	2
1190388	12940561	12940518	2
14104	12940538	12940518	2
1726377	12892641	12892142	2
1716919	12892644	12892142	2
1733530	12841809	12644828	2
1705068	12644920	12644828	2
980875	12644915	12644828	2
1517743	12644906	12644828	2
484082	12337599	12337419	2
1469954	12337430	12337419	2
1250875	12203276	12203013	2
160971	11746424	11744743	2
843985	11716716	11694432	2
16668	11694752	11694432	2
1013426	11655289	11642961	2
1386088	11645350	11642961	2
1372195	11452225	11452159	2
1459593	11126299	11124609	2
446536	11032688	11032328	2
630716	10099133	10098688	2
519413	9699575	9699515	2
848941	9699537	9699515	2
582295	9659690	9659343	2
754961	9449972	9449895	2
918264	9431417	9431272	2
271999	9431412	9431272	2
187954	9431305	9431272	2
361684	9418857	9418472	2
752738	9418724	9418472	2
755255	9401412	9401110	2
135105	9401307	9401110	2
493662	9401273	9401110	2
572939	9401180	9401110	2
835805	9401160	9401110	2
19068	9401144	9401110	2
1190717	9154029	9153975	2
295783	8895422	8895294	2
1019753	8895416	8895294	2
382827	8895400	8895294	2
521257	8895406	8895294	2
578895	8856715	8856332	2
1042997	8696792	8692550	2
587021	8692556	8692550	2
1115604	8632312	8632248	2
615754	8551019	8550945	2
938516	8550997	8550945	2
690113	8551088	8550945	2
1091782	8550994	8550945	2
352552	8539404	8539391	2
851498	8113587	8113551	2
182542	7902708	7901124	2
200910	7901554	7901124	2
739315	7806579	7806493	2
76564	7806627	7806493	2
289625	7806525	7806493	2
371408	7789622	7789607	2
183181	7382210	7382197	2
141818	7382224	7382197	2
352693	7296990	7296955	2
901057	7296979	7296955	2
733287	6559871	6559749	2
795149	6559753	6559749	2
708907	6542601	6542486	2
13055	6542660	6542486	2
380621	6542654	6542486	2
774612	6179108	6179021	2
128165	5885382	5884270	2
646585	5214054	5213974	2
2955	5214027	5213974	2
30697	5214019	5213974	2
338208	5214011	5213974	2
43671	5214010	5213974	2
17964	5212986	5212949	2
183200	5213065	5212949	2
182668	5212971	5212949	2
1386886	5210780	5210753	2
258397	4638145	4638086	2
114584	4252450	2692137	2
459897	4141320	4141258	2
163228	4141297	4141258	2
330180	4141286	4141258	2
496599	4141285	4141258	2
886931	3800079	3799599	2
14104	3800014	3799599	2
3287	3699584	3699555	2
47738	3699601	3699555	2
13249	2743791	2743443	2
3695	2743553	2743443	2
257878	2692184	2692137	2